{
  "I": {
    "DETAILS": "Dettagli",
    "RANGE": "Linea",
    "PRODUCT_NAME": "Nome prodotto",
    "PRODUCT_CODE": "Codice prodotto",
    "EAN": "EAN",
    "BARCODE": "BAR code",
    "WEIGHT": "Peso",
    "BRAND": "Brand",
    "MADE_IN": "Paese d'origine",
    "TYPE": "Tipo",
    "STORAGE": "Indicazioni di conservazione e shelf life",
    "LANGUAGES": "Lingue presenti sulla confezione singola",
    "ENERGY_VALUE": "Valore energetico",
    "COMPOSITION": "Composizione",
    "ANALYTICAL_CONSTITUENTS": "Composizione analitica",
    "SUGGESTED_DAILY_SERVING": "Razione giornaliera indicativa",
    "TECHNICAL_DATA_SINGLE_PACK": "Dati tecnici confezione singola",
    "TECHNICAL_DATA_MULTI_PACK": "Dati tecnici packaging",
    "MANUFACTURER": "Dati produttore",
    "PACKAGING_TYPE": "Tipo di imballaggio",
    "NET_WEIGHT": "Peso netto",
    "HEIGHT": "Altezza",
    "WIDTH": "Larghezza",
    "LENGTH": "Lunghezza",
    "PIECES_PER_CARTON": "Pezzi per carton",
    "CARTON_WEIGHT": "Peso cartone",
    "CARTON_PER_PALLET": "Cartoni per pallet",
    "HEIGHT_PALLET": "Altezza pallet",
    "CARTONS_PER_LAYER": "N\u00b0 ct x strato",
    "LAYERS_PER_PALLET": "N\u00b0 Strati per pallet",
    "CARTON(LONG_SIDE)": "Ct(lato lungo)",
    "CARTON(SHORT_SIDE)": "Ct(lato corto)",
    "CARTON(HEIGHT)": "Ct(altezza)",
    "PACKAGING_TYPE(ct)": "Tipo imballo"
  },
  "US": {
    "DETAILS": "Details",
    "RANGE": "Range",
    "PRODUCT_NAME": "Product name",
    "PRODUCT_CODE": "Product code",
    "EAN": "EAN",
    "BARCODE": "BAR code",
    "WEIGHT": "Weight",
    "BRAND": "Brand",
    "MADE_IN": "Made in",
    "TYPE": "Type",
    "STORAGE": "Indication of storage and shelf life",
    "LANGUAGES": "Languages on single pack",
    "ENERGY_VALUE": "Energy value",
    "COMPOSITION": "Composition",
    "ANALYTICAL_CONSTITUENTS": "Analytical constituents",
    "SUGGESTED_DAILY_SERVING": "Suggested daily serving",
    "TECHNICAL_DATA_SINGLE_PACK": "Technical data single pack",
    "TECHNICAL_DATA_MULTI_PACK": "Technical data packaging",
    "MANUFACTURER": "Manufacturer data",
    "PACKAGING_TYPE": "Packaging type",
    "NET_WEIGHT": "Net weight",
    "HEIGHT": "Height",
    "WIDTH": "Width",
    "LENGTH": "Length",
    "PIECES_PER_CARTON": "Pieces per carton",
    "CARTON_WEIGHT": "Carton weight",
    "CARTON_PER_PALLET": "Cartons per pallet",
    "HEIGHT_PALLET": "Height pallet",
    "CARTONS_PER_LAYER": "N\u00b0 cartons per layer",
    "LAYERS_PER_PALLET": "N\u00b0 layers per pallet",
    "CARTON(LONG_SIDE)": "Carton (long side)",
    "CARTON(SHORT_SIDE)": "Carton (short side)",
    "CARTON(HEIGHT)": "Carton (height)"
  },
  "F": {
    "DETAILS": "Détails du produit",
    "RANGE": "Gamme",
    "PRODUCT_NAME": "Nom produit",
    "PRODUCT_CODE": "Code produit",
    "EAN": "EAN",
    "BARCODE": "BAR code",
    "WEIGHT": "Contenu",
    "BRAND": "Marque",
    "MADE_IN": "Pays d'origine",
    "TYPE": "Type",
    "STORAGE": "Conservation et dluo",
    "LANGUAGES": "Langues sur l'etiquette",
    "ENERGY_VALUE": "Valeur énergétique",
    "COMPOSITION": "Composition",
    "ANALYTICAL_CONSTITUENTS": "Constituants analytiques",
    "SUGGESTED_DAILY_SERVING": "Ration journalière indicative",
    "TECHNICAL_DATA_SINGLE_PACK": "Caractéristiques du paquet",
    "TECHNICAL_DATA_MULTI_PACK": "Caractéristiques d'emballage",
    "MANUFACTURER": "Donnéés du fabricant",
    "PACKAGING_TYPE": "Type d'emballage",
    "NET_WEIGHT": "Poids unité",
    "HEIGHT": "Hauteur",
    "WIDTH": "Largeur",
    "LENGTH": "Longeur",
    "PIECES_PER_CARTON": "Nombre de pièces par carton",
    "CARTON_WEIGHT": "Poids carton ",
    "CARTON_PER_PALLET": "Nombre de cartons par palette",
    "HEIGHT_PALLET": "Hauteur palette",
    "CARTONS_PER_LAYER": "Nombre de carton par couche",
    "LAYERS_PER_PALLET": "Nombre de couches",
    "CARTON(LONG_SIDE)": "Carton: côté long",
    "CARTON(SHORT_SIDE)": "Carton: côté court",
    "CARTON(HEIGHT)": "Carton: hauteur"
  },
  "D": {
    "DETAILS": "Angaben",
    "RANGE": "Sortiment",
    "PRODUCT_NAME": "Produktname",
    "PRODUCT_CODE": "Artikelnummer",
    "EAN": "EAN-Nummer",
    "BARCODE": "Barcode/Strichcode",
    "WEIGHT": "Gewicht",
    "BRAND": "Marke",
    "MADE_IN": "Hergestellt in",
    "TYPE": "Sorte",
    "STORAGE": "Aufbewahrung",
    "LANGUAGES": "Sprachen auf der Einzelverpackung",
    "ENERGY_VALUE": "Nährwert",
    "COMPOSITION": "Zusammensetzung",
    "ANALYTICAL_CONSTITUENTS": "Analytische Bestandteile",
    "SUGGESTED_DAILY_SERVING": "Empfohlene Tagesration",
    "TECHNICAL_DATA_SINGLE_PACK": "Technische Angaben Einzelverpackung",
    "TECHNICAL_DATA_MULTI_PACK": "Technische Angaben Verpackung",
    "MANUFACTURER": "Herstellerangaben",
    "PACKAGING_TYPE": "Verpackungsart",
    "NET_WEIGHT": "Nettogewicht",
    "HEIGHT": "Höhe",
    "WIDTH": "Breite",
    "LENGTH": "Länge",
    "PIECES_PER_CARTON": "Anzahl per Karton",
    "CARTON_WEIGHT": "Gewicht des Kartons",
    "CARTON_PER_PALLET": "Kartons pro Palette",
    "HEIGHT_PALLET": "Palettenhöhe",
    "CARTONS_PER_LAYER": "Anzahl Kartons pro Schicht",
    "LAYERS_PER_PALLET": "Anzahl Schichten pro Palette",
    "CARTON(LONG_SIDE)": "Kartonlänge",
    "CARTON(SHORT_SIDE)": "Kartonbreite",
    "CARTON(HEIGHT)": "Kartonhöhe"
  }
}
